{"1.png139146":{"fileref":"","size":139146,"filename":"1.png","base64_img_data":"","file_attributes":{},"regions":{"0":{"shape_attributes":{"name":"polygon","all_points_x":[374,1022,1021,374,374],"all_points_y":[261,260,399,397,261]},"region_attributes":{"oferta":"1"}},"1":{"shape_attributes":{"name":"polygon","all_points_x":[372,1022,1021,373,372],"all_points_y":[400,402,535,535,400]},"region_attributes":{"oferta":"1"}}}},"2.png208809":{"fileref":"","size":208809,"filename":"2.png","base64_img_data":"","file_attributes":{},"regions":{"0":{"shape_attributes":{"name":"polygon","all_points_x":[374,1021,1021,371,374],"all_points_y":[1,2,94,96,1]},"region_attributes":{"oferta":"1"}},"1":{"shape_attributes":{"name":"polygon","all_points_x":[375,1018,1017,371,375],"all_points_y":[225,227,99,101,225]},"region_attributes":{"oferta":"1"}},"2":{"shape_attributes":{"name":"polygon","all_points_x":[372,1022,1019,374,372],"all_points_y":[360,363,229,231,360]},"region_attributes":{"oferta":"1"}},"3":{"shape_attributes":{"name":"polygon","all_points_x":[375,1022,1019,372,375],"all_points_y":[493,498,365,365,493]},"region_attributes":{"oferta":"1"}}}},"3.png204300":{"fileref":"","size":204300,"filename":"3.png","base64_img_data":"","file_attributes":{},"regions":{"0":{"shape_attributes":{"name":"polygon","all_points_x":[375,1021,1018,372,375],"all_points_y":[45,44,176,177,45]},"region_attributes":{"oferta":"1"}},"1":{"shape_attributes":{"name":"polygon","all_points_x":[375,1018,1019,372,375],"all_points_y":[311,310,179,183,311]},"region_attributes":{"oferta":"1"}},"2":{"shape_attributes":{"name":"polygon","all_points_x":[369,1019,1019,371,369],"all_points_y":[444,447,316,314,444]},"region_attributes":{"oferta":"1"}},"3":{"shape_attributes":{"name":"polygon","all_points_x":[375,1021,1018,369,375],"all_points_y":[584,588,449,450,584]},"region_attributes":{"oferta":"1"}}}},"4.png121691":{"fileref":"","size":121691,"filename":"4.png","base64_img_data":"","file_attributes":{},"regions":{"0":{"shape_attributes":{"name":"polygon","all_points_x":[375,1023,1021,372,375],"all_points_y":[11,9,149,144,11]},"region_attributes":{"oferta":"1"}},"1":{"shape_attributes":{"name":"polygon","all_points_x":[374,1019,1021,370,374],"all_points_y":[278,280,154,149,278]},"region_attributes":{"oferta":"1"}},"2":{"shape_attributes":{"name":"polygon","all_points_x":[377,1022,1017,375,377],"all_points_y":[564,569,419,422,564]},"region_attributes":{"oferta":"1"}}}},"5.png237072":{"fileref":"","size":237072,"filename":"5.png","base64_img_data":"","file_attributes":{},"regions":{"0":{"shape_attributes":{"name":"polygon","all_points_x":[375,1021,1019,367,375],"all_points_y":[94,94,228,232,94]},"region_attributes":{"oferta":"1"}},"1":{"shape_attributes":{"name":"polygon","all_points_x":[372,1022,1019,374,372],"all_points_y":[364,364,231,238,364]},"region_attributes":{"oferta":"1"}},"2":{"shape_attributes":{"name":"polygon","all_points_x":[371,1021,1018,372,371],"all_points_y":[499,499,369,369,499]},"region_attributes":{"oferta":"1"}},"3":{"shape_attributes":{"name":"polygon","all_points_x":[376,1021,1019,372,376],"all_points_y":[637,637,503,505,637]},"region_attributes":{"oferta":"1"}}}},"6.png189065":{"fileref":"","size":189065,"filename":"6.png","base64_img_data":"","file_attributes":{},"regions":{"0":{"shape_attributes":{"name":"polygon","all_points_x":[375,1018,1019,372,375],"all_points_y":[195,199,65,66,195]},"region_attributes":{"oferta":"1"}},"1":{"shape_attributes":{"name":"polygon","all_points_x":[376,1018,1019,374,376],"all_points_y":[336,334,204,205,336]},"region_attributes":{"oferta":"1"}},"2":{"shape_attributes":{"name":"polygon","all_points_x":[375,1022,1019,374,375],"all_points_y":[471,472,338,342,471]},"region_attributes":{"oferta":"1"}}}},"7.png171494":{"fileref":"","size":171494,"filename":"7.png","base64_img_data":"","file_attributes":{},"regions":{"0":{"shape_attributes":{"name":"polygon","all_points_x":[376,1018,1017,375,376],"all_points_y":[166,166,300,300,166]},"region_attributes":{"oferta":"1"}},"1":{"shape_attributes":{"name":"polygon","all_points_x":[374,1017,1014,374,374],"all_points_y":[433,435,303,303,433]},"region_attributes":{"oferta":"1"}},"2":{"shape_attributes":{"name":"polygon","all_points_x":[376,1018,1018,372,376],"all_points_y":[570,571,441,439,570]},"region_attributes":{"oferta":"1"}}}},"8.png244373":{"fileref":"","size":244373,"filename":"8.png","base64_img_data":"","file_attributes":{},"regions":{"0":{"shape_attributes":{"name":"polygon","all_points_x":[377,1021,1018,375,377],"all_points_y":[200,200,72,71,200]},"region_attributes":{"oferta":"1"}},"1":{"shape_attributes":{"name":"polygon","all_points_x":[371,1019,1021,374,371],"all_points_y":[338,338,204,205,338]},"region_attributes":{"oferta":"1"}},"2":{"shape_attributes":{"name":"polygon","all_points_x":[376,1019,1017,367,376],"all_points_y":[476,477,343,343,476]},"region_attributes":{"oferta":"1"}},"3":{"shape_attributes":{"name":"polygon","all_points_x":[376,1018,1018,372,376],"all_points_y":[612,614,480,483,612]},"region_attributes":{"oferta":"1"}}}},"9.png234161":{"fileref":"","size":234161,"filename":"9.png","base64_img_data":"","file_attributes":{},"regions":{"0":{"shape_attributes":{"name":"polygon","all_points_x":[375,1019,1017,370,375],"all_points_y":[79,79,214,215,79]},"region_attributes":{"oferta":"1"}},"1":{"shape_attributes":{"name":"polygon","all_points_x":[374,1018,1019,372,374],"all_points_y":[222,217,349,352,222]},"region_attributes":{"oferta":"1"}},"2":{"shape_attributes":{"name":"polygon","all_points_x":[376,1018,1017,371,376],"all_points_y":[482,483,355,355,482]},"region_attributes":{"oferta":"1"}},"3":{"shape_attributes":{"name":"polygon","all_points_x":[374,1019,1019,370,374],"all_points_y":[492,488,625,626,492]},"region_attributes":{"oferta":"1"}}}},"10.png106625":{"fileref":"","size":106625,"filename":"10.png","base64_img_data":"","file_attributes":{},"regions":{"0":{"shape_attributes":{"name":"polygon","all_points_x":[375,1018,1016,372,375],"all_points_y":[31,29,165,168,31]},"region_attributes":{"oferta":"1"}}}}}